{"F1": 0.608695652173913, "RocAuc": 0.5549450549450549, "NLLLoss": 15.542569317324336}