{"F1": 0.5, "RocAuc": 0.5858585858585859, "NLLLoss": 13.815630497578804}