{"F1": 0.5263157894736842, "RocAuc": 0.5505050505050505, "NLLLoss": 15.542649277067355}