{"F1": 0.6153846153846154, "RocAuc": 0.5, "NLLLoss": 17.26970803642742}