{"F1": 0.7843137254901961, "RocAuc": 0.8102678571428572, "NLLLoss": 6.332148985605135}