{"F1": 0.7466666666666666, "RocAuc": 0.78125, "NLLLoss": 7.291563883227266}